frame,time_seconds,left_x,left_z,right_x,right_z,player_x,player_y,player_z
0,0.000000,-1.000000,0.000000,0.000000,0.000000,0.000000,0.000000,0.000000
1,0.016667,-1.000000,0.000000,0.000000,0.000000,0.007053,1.799275,-0.001925
2,0.033333,-1.000000,0.000000,0.000000,0.000000,0.006568,1.799971,-0.001926
3,0.050000,-1.000000,0.000000,0.000000,0.000000,0.005475,1.800561,-0.001924
4,0.066667,-1.000000,0.000000,0.000000,0.000000,0.003545,1.801579,-0.001919
5,0.083333,-1.000000,0.000000,0.000000,0.000000,0.000587,1.803115,-0.001905
6,0.100000,-1.000000,0.000000,0.000000,0.000000,-0.003554,1.805242,-0.001875
7,0.116667,-1.000000,0.000000,0.000000,0.000000,-0.009003,1.808018,-0.001820
8,0.133333,-1.000000,0.000000,0.000000,0.000000,-0.015854,1.811490,-0.001727
9,0.150000,-1.000000,0.000000,0.000000,0.000000,-0.024182,1.815690,-0.001583
10,0.166667,-1.000000,0.000000,0.000000,0.000000,-0.034040,1.820638,-0.001371
11,0.183333,-1.000000,0.000000,0.000000,0.000000,-0.045466,1.826344,-0.001073
12,0.200000,-1.000000,0.000000,0.000000,0.000000,-0.058485,1.832807,-0.000671
13,0.216667,-1.000000,0.000000,0.000000,0.000000,-0.073109,1.840017,-0.000146
14,0.233333,-1.000000,0.000000,0.000000,0.000000,-0.089342,1.847960,0.000520
15,0.250000,-1.000000,0.000000,0.000000,0.000000,-0.107182,1.856612,0.001347
16,0.266667,-1.000000,0.000000,0.000000,0.000000,-0.126619,1.865947,0.002350
17,0.283333,-1.000000,0.000000,0.000000,0.000000,-0.147639,1.875931,0.003547
18,0.300000,-1.000000,0.000000,0.000000,0.000000,-0.170223,1.886525,0.004949
19,0.316667,-1.000000,0.000000,0.000000,0.000000,-0.194351,1.897687,0.006569
20,0.333333,-1.000000,0.000000,0.000000,0.000000,-0.219997,1.909369,0.008418
21,0.350000,-1.000000,0.000000,0.000000,0.000000,-0.247138,1.921518,0.010500
22,0.366667,-1.000000,0.000000,0.000000,0.000000,-0.275743,1.934083,0.012823
23,0.383333,-1.000000,0.000000,0.000000,0.000000,-0.305786,1.947006,0.015388
24,0.400000,-1.000000,0.000000,0.000000,0.000000,-0.337234,1.960229,0.018195
25,0.416667,-1.000000,0.000000,0.000000,0.000000,-0.370058,1.973692,0.021243
26,0.433333,-1.000000,0.000000,0.000000,0.000000,-0.404225,1.987334,0.024527
27,0.450000,-1.000000,0.000000,0.000000,0.000000,-0.439702,2.001091,0.028042
28,0.466667,-1.000000,0.000000,0.000000,0.000000,-0.476456,2.014901,0.031781
29,0.483334,-1.000000,0.000000,0.000000,0.000000,-0.514454,2.028693,0.035734
30,0.500000,-1.000000,0.000000,0.000000,0.000000,-0.553660,2.042400,0.039891
31,0.516667,-1.000000,0.000000,0.000000,0.000000,-0.594041,2.055949,0.044241
32,0.533333,-1.000000,0.000000,0.000000,0.000000,-0.635563,2.069265,0.048773
33,0.550000,-1.000000,0.000000,0.000000,0.000000,-0.678190,2.082271,0.053472
34,0.566667,-1.000000,0.000000,0.000000,0.000000,-0.721888,2.094887,0.058327
35,0.583333,-1.000000,0.000000,0.000000,0.000000,-0.766623,2.107024,0.063322
36,0.600000,-1.000000,0.000000,0.000000,0.000000,-0.812360,2.118591,0.068444
37,0.616667,-1.000000,0.000000,0.000000,0.000000,-0.859065,2.129488,0.073678
38,0.633333,-1.000000,0.000000,0.000000,0.000000,-0.906704,2.139601,0.079012
39,0.650000,-1.000000,0.000000,0.000000,0.000000,-0.955243,2.148807,0.084431
40,0.666667,-1.000000,0.000000,0.000000,0.000000,-1.004650,2.156973,0.089921
41,0.683333,-1.000000,0.000000,0.000000,0.000000,-1.054893,2.163908,0.095469
42,0.700000,-1.000000,0.000000,0.000000,0.000000,-1.105937,2.169435,0.101062
43,0.716667,-1.000000,0.000000,0.000000,0.000000,-1.157753,2.173352,0.106688
44,0.733333,-1.000000,0.000000,0.000000,0.000000,-1.210310,2.175497,0.112335
45,0.750000,-1.000000,0.000000,0.000000,0.000000,-1.263577,2.175742,0.117990
46,0.766667,-1.000000,0.000000,0.000000,0.000000,-1.317524,2.173991,0.123645
47,0.783333,-1.000000,0.000000,0.000000,0.000000,-1.372123,2.170175,0.129287
48,0.800000,-1.000000,0.000000,0.000000,0.000000,-1.427347,2.164248,0.134908
49,0.816667,-1.000000,0.000000,0.000000,0.000000,-1.483166,2.156188,0.140498
50,0.833333,-1.000000,0.000000,0.000000,0.000000,-1.539556,2.145989,0.146049
51,0.850000,-1.000000,0.000000,0.000000,0.000000,-1.596490,2.133664,0.151554
52,0.866666,-1.000000,0.000000,0.000000,0.000000,-1.653943,2.119239,0.157005
53,0.883333,-1.000000,0.000000,0.000000,0.000000,-1.711892,2.102753,0.162394
54,0.900000,-1.000000,0.000000,0.000000,0.000000,-1.770313,2.084255,0.167718
55,0.916666,-1.000000,0.000000,0.000000,0.000000,-1.829184,2.063806,0.172969
56,0.933333,-1.000000,0.000000,0.000000,0.000000,-1.888482,2.041471,0.178142
57,0.950000,-1.000000,0.000000,0.000000,0.000000,-1.948188,2.017327,0.183235
58,0.966666,-1.000000,0.000000,0.000000,0.000000,-2.008281,1.991453,0.188241
59,0.983333,-0.707107,0.707107,0.000000,0.000000,-2.068741,1.963938,0.193159
60,1.000000,-0.707107,0.707107,0.000000,0.000000,-2.129492,1.934878,0.198102
61,1.016666,-0.707107,0.707107,0.000000,0.000000,-2.190459,1.904376,0.203174
62,1.033333,-0.707107,0.707107,0.000000,0.000000,-2.251525,1.872542,0.208573
63,1.050000,-0.707107,0.707107,0.000000,0.000000,-2.312591,1.839489,0.214458
64,1.066666,-0.707107,0.707107,0.000000,0.000000,-2.373572,1.805334,0.220965
65,1.083333,-0.707107,0.707107,0.000000,0.000000,-2.434399,1.770194,0.228202
66,1.100000,-0.707107,0.707107,0.000000,0.000000,-2.495014,1.734185,0.236258
67,1.116666,-0.707107,0.707107,0.000000,0.000000,-2.555371,1.697425,0.245202
68,1.133333,-0.707107,0.707107,0.000000,0.000000,-2.615433,1.660033,0.255088
69,1.150000,-0.707107,0.707107,0.000000,0.000000,-2.675171,1.622124,0.265958
70,1.166666,-0.707107,0.707107,0.000000,0.000000,-2.734566,1.583817,0.277839
71,1.183333,-0.707107,0.707107,0.000000,0.000000,-2.793600,1.545228,0.290753
72,1.200000,-0.707107,0.707107,0.000000,0.000000,-2.852266,1.506474,0.304709
73,1.216666,-0.707107,0.707107,0.000000,0.000000,-2.910558,1.467669,0.319712
74,1.233333,-0.707107,0.707107,0.000000,0.000000,-2.968474,1.428929,0.335761
75,1.250000,-0.707107,0.707107,0.000000,0.000000,-3.026016,1.390368,0.352848
76,1.266666,-0.707107,0.707107,0.000000,0.000000,-3.083190,1.352098,0.370962
77,1.283333,-0.707107,0.707107,0.000000,0.000000,-3.140001,1.314231,0.390091
78,1.299999,-0.707107,0.707107,0.000000,0.000000,-3.196456,1.276873,0.410216
79,1.316666,-0.707107,0.707107,0.000000,0.000000,-3.252567,1.240129,0.431318
80,1.333333,-0.707107,0.707107,0.000000,0.000000,-3.308343,1.204100,0.453377
81,1.349999,-0.707107,0.707107,0.000000,0.000000,-3.363794,1.168881,0.476370
82,1.366666,-0.707107,0.707107,0.000000,0.000000,-3.418934,1.134567,0.500274
83,1.383333,-0.707107,0.707107,0.000000,0.000000,-3.473773,1.101284,0.525064
84,1.399999,-0.707107,0.707107,0.000000,0.000000,-3.528323,1.069155,0.550715
85,1.416666,-0.707107,0.707107,0.000000,0.000000,-3.582596,1.038330,0.577204
86,1.433333,-0.707107,0.707107,0.000000,0.000000,-3.636603,1.008945,0.604503
87,1.449999,-0.707107,0.707107,0.000000,0.000000,-3.690356,0.981127,0.632588
88,1.466666,-0.707107,0.707107,-1.000000,0.000000,-3.743865,0.954987,0.661434
89,1.483333,-0.707107,0.707107,-1.000000,0.000000,-3.797143,0.930589,0.691015
90,1.499999,-0.707107,0.707107,-1.000000,0.000000,-3.850194,0.907983,0.721310
91,1.516666,-1.000000,0.000000,-1.000000,0.000000,-3.903019,0.887180,0.752302
92,1.533333,-1.000000,0.000000,-1.000000,0.000000,-3.955670,0.868207,0.783866
93,1.549999,-1.000000,0.000000,-1.000000,0.000000,-4.008193,0.851083,0.815892
94,1.566666,-1.000000,0.000000,-1.000000,0.000000,-4.060675,0.835836,0.848191
95,1.583333,-1.000000,0.000000,-1.000000,0.000000,-4.113188,0.822479,0.880613
96,1.599999,-1.000000,0.000000,-1.000000,0.000000,-4.165795,0.811008,0.913045
97,1.616666,-1.000000,0.000000,-1.000000,0.000000,-4.218543,0.801407,0.945400
98,1.633332,-1.000000,0.000000,-1.000000,0.000000,-4.271471,0.800000,0.977619
99,1.649999,-1.000000,0.000000,-1.000000,0.000000,-4.324608,0.800000,1.009662
100,1.666666,-1.000000,0.000000,-1.000000,0.000000,-4.377976,0.800000,1.041510
101,1.683332,-1.000000,0.000000,-1.000000,0.000000,-4.431586,0.800000,1.073156
102,1.699999,-1.000000,0.000000,-1.000000,0.000000,-4.485446,0.800000,1.104608
103,1.716666,-1.000000,0.000000,-1.000000,0.000000,-4.539554,0.800834,1.135882
104,1.733332,-1.000000,0.000000,-1.000000,0.000000,-4.593904,0.803228,1.167004
105,1.749999,-1.000000,0.000000,-1.000000,0.000000,-4.648484,0.807123,1.198007
106,1.766666,-1.000000,0.000000,-1.000000,0.000000,-4.703278,0.812460,1.228926
107,1.783332,-1.000000,0.000000,-1.000000,0.000000,-4.758264,0.819181,1.259804
108,1.799999,-1.000000,0.000000,-1.000000,0.000000,-4.813416,0.827226,1.290684
109,1.816666,-0.707107,-0.707107,-1.000000,0.000000,-4.868703,0.836540,1.321612
110,1.833332,-0.707107,-0.707107,-1.000000,0.000000,-4.924127,0.847068,1.352507
111,1.849999,-0.707107,-0.707107,-1.000000,0.000000,-4.979683,0.858757,1.383304
112,1.866666,-0.707107,-0.707107,-1.000000,0.000000,-5.035397,0.871555,1.413839
113,1.883332,-0.707107,-0.707107,-1.000000,0.000000,-5.091289,0.885415,1.443989
114,1.899999,-0.707107,-0.707107,-1.000000,0.000000,-5.147379,0.900288,1.473666
115,1.916666,-0.707107,-0.707107,-1.000000,0.000000,-5.203683,0.916130,1.502809
116,1.933332,-0.707107,-0.707107,-1.000000,0.000000,-5.260217,0.932893,1.531381
117,1.949999,-0.707107,-0.707107,-1.000000,0.000000,-5.316989,0.950536,1.559367
118,1.966666,-0.707107,-0.707107,-1.000000,0.000000,-5.374010,0.969016,1.586769
119,1.983332,-0.707107,-0.707107,-1.000000,0.000000,-5.431128,0.988907,1.613381
120,1.999999,-0.707107,-0.707107,-1.000000,0.000000,-5.487903,1.011909,1.638725
121,2.016665,-0.707107,-0.707107,-1.000000,0.000000,-5.545312,1.034131,1.664098
122,2.033332,-0.707107,-0.707107,-1.000000,0.000000,-5.603343,1.055573,1.689426
123,2.049999,-0.707107,-0.707107,-1.000000,0.000000,-5.661614,1.077664,1.714347
124,2.066665,-0.707107,-0.707107,-1.000000,0.000000,-5.720116,1.100371,1.738916
125,2.083332,-0.707107,-0.707107,-1.000000,0.000000,-5.778832,1.123661,1.763192
126,2.099999,-0.707107,-0.707107,-1.000000,0.000000,-5.837746,1.147504,1.787237
127,2.116665,-0.707107,-0.707107,-1.000000,0.000000,-5.896836,1.171869,1.811113
128,2.133332,-0.707107,-0.707107,-1.000000,0.000000,-5.956079,1.196727,1.834884
129,2.149999,-0.707107,-0.707107,-1.000000,0.000000,-6.015446,1.222049,1.858614
130,2.166665,-0.707107,-0.707107,-1.000000,0.000000,-6.074909,1.247809,1.882366
131,2.183332,-0.707107,-0.707107,-1.000000,0.000000,-6.134434,1.273979,1.906202
132,2.199999,-0.707107,-0.707107,-1.000000,0.000000,-6.193988,1.300535,1.930183
133,2.216665,-0.707107,-0.707107,-1.000000,0.000000,-6.253534,1.327452,1.954368
134,2.233332,-0.707107,-0.707107,-1.000000,0.000000,-6.313032,1.354704,1.978815
135,2.249999,-0.707107,-0.707107,-1.000000,0.000000,-6.372441,1.382268,2.003577
136,2.266665,-0.707107,-0.707107,-1.000000,0.000000,-6.431720,1.410119,2.028708
137,2.283332,-0.707107,-0.707107,-1.000000,0.000000,-6.490825,1.438234,2.054258
138,2.299999,-0.707107,-0.707107,-1.000000,0.000000,-6.549709,1.466590,2.080274
139,2.316665,-0.707107,-0.707107,-1.000000,0.000000,-6.608327,1.495165,2.106799
140,2.333332,-0.707107,-0.707107,-1.000000,0.000000,-6.666632,1.523938,2.133876
141,2.349998,-0.707107,-0.707107,-1.000000,0.000000,-6.724576,1.552886,2.161544
142,2.366665,-0.707107,-0.707107,-1.000000,0.000000,-6.782109,1.581984,2.189838
143,2.383332,0.000000,-1.000000,-1.000000,0.000000,-6.839185,1.611197,2.218791
144,2.399998,0.000000,-1.000000,-1.000000,0.000000,-6.895837,1.640511,2.248334
145,2.416665,0.707107,-0.707107,-1.000000,0.000000,-6.952099,1.669908,2.278407
146,2.433332,0.707107,-0.707107,0.000000,0.000000,-7.008045,1.699391,2.308736
147,2.449998,0.707107,-0.707107,0.000000,0.000000,-7.063737,1.728960,2.339087
148,2.466665,0.707107,-0.707107,0.000000,0.000000,-7.119205,1.758618,2.369143
149,2.483332,0.707107,-0.707107,0.000000,0.000000,-7.174477,1.788363,2.398643
150,2.499998,0.707107,-0.707107,0.000000,0.000000,-7.229578,1.818190,2.427372
151,2.516665,0.707107,-0.707107,0.000000,0.000000,-7.284534,1.848090,2.455150
152,2.533332,0.707107,-0.707107,0.000000,0.000000,-7.339368,1.878052,2.481836
153,2.549998,0.707107,-0.707107,0.000000,0.000000,-7.394102,1.908064,2.507315
154,2.566665,0.707107,-0.707107,0.000000,0.000000,-7.448756,1.938119,2.531499
155,2.583332,0.707107,-0.707107,0.000000,0.000000,-7.503352,1.968207,2.554322
156,2.599998,0.707107,-0.707107,0.000000,0.000000,-7.557910,1.998322,2.575735
157,2.616665,0.707107,-0.707107,0.000000,0.000000,-7.612451,2.028458,2.595706
158,2.633332,0.707107,-0.707107,0.000000,0.000000,-7.666992,2.058613,2.614217
159,2.649998,0.707107,-0.707107,0.000000,0.000000,-7.721552,2.088784,2.631262
160,2.666665,0.707107,-0.707107,0.000000,0.000000,-7.776150,2.118968,2.646842
161,2.683331,0.707107,-0.707107,0.000000,0.000000,-7.830801,2.149159,2.660969
162,2.699998,0.707107,-0.707107,0.000000,0.000000,-7.885524,2.179347,2.673658
163,2.716665,0.707107,-0.707107,0.000000,0.000000,-7.940331,2.209517,2.684934
164,2.733331,0.707107,-0.707107,0.000000,0.000000,-7.995239,2.239654,2.694821
165,2.749998,0.707107,-0.707107,0.000000,0.000000,-8.050260,2.269734,2.703349
166,2.766665,0.707107,-0.707107,0.000000,0.000000,-8.105405,2.299736,2.710552
167,2.783331,0.707107,-0.707107,0.000000,0.000000,-8.160687,2.329633,2.716462
168,2.799998,0.707107,-0.707107,0.000000,0.000000,-8.216114,2.359401,2.721117
169,2.816665,0.707107,-0.707107,0.000000,0.000000,-8.271695,2.389011,2.724551
170,2.833331,0.707107,-0.707107,0.000000,0.000000,-8.327438,2.418435,2.726804
171,2.849998,0.707107,-0.707107,0.000000,0.000000,-8.383349,2.447642,2.727911
172,2.866665,0.707107,-0.707107,0.000000,0.000000,-8.439433,2.476600,2.727910
173,2.883331,0.707107,-0.707107,0.000000,0.000000,-8.495695,2.505275,2.726838
174,2.899998,0.707107,-0.707107,0.000000,0.000000,-8.552137,2.533631,2.724732
175,2.916665,0.707107,-0.707107,0.000000,0.000000,-8.608762,2.561636,2.721628
176,2.933331,0.707107,-0.707107,0.000000,0.000000,-8.665570,2.589258,2.717561
177,2.949998,0.707107,-0.707107,0.000000,0.000000,-8.722562,2.616465,2.712565
178,2.966665,0.707107,-0.707107,0.000000,0.000000,-8.779737,2.643232,2.706674
179,2.983331,0.707107,-0.707107,0.000000,0.000000,-8.837092,2.669533,2.699922
180,2.999998,0.707107,-0.707107,0.000000,0.000000,-8.894629,2.695407,2.692341
181,3.016665,0.707107,-0.707107,0.000000,0.000000,-8.952343,2.720891,2.683961
182,3.033331,0.707107,-0.707107,0.000000,0.000000,-9.010232,2.746074,2.674812
183,3.049998,0.707107,-0.707107,0.000000,0.000000,-9.068292,2.771032,2.664924
184,3.066664,0.707107,-0.707107,0.000000,0.000000,-9.126519,2.795830,2.654325
185,3.083331,0.707107,-0.707107,0.000000,0.000000,-9.184909,2.820526,2.643043
186,3.099998,0.707107,-0.707107,0.000000,0.000000,-9.243457,2.845166,2.631103
187,3.116664,0.707107,-0.707107,0.000000,0.000000,-9.302157,2.869794,2.618532
188,3.133331,0.707107,-0.707107,0.000000,0.000000,-9.361007,2.894444,2.605354
189,3.149998,0.707107,-0.707107,0.000000,0.000000,-9.419997,2.919145,2.591592
190,3.166664,0.707107,-0.707107,0.000000,0.000000,-9.479126,2.943923,2.577271
191,3.183331,0.707107,-0.707107,0.000000,0.000000,-9.538386,2.968800,2.562411
192,3.199998,0.707107,-0.707107,0.000000,0.000000,-9.597773,2.993793,2.547035
193,3.216664,0.707107,-0.707107,0.000000,0.000000,-9.657281,3.018916,2.531163
194,3.233331,0.707107,-0.707107,0.000000,0.000000,-9.716904,3.044181,2.514814
195,3.249998,0.707107,-0.707107,0.000000,0.000000,-9.776635,3.069596,2.498008
196,3.266664,0.707107,-0.707107,0.000000,0.000000,-9.836473,3.095168,2.480763
197,3.283331,0.707107,-0.707107,0.000000,0.000000,-9.896407,3.120901,2.463097
198,3.299998,0.707107,-0.707107,0.000000,0.000000,-9.956436,3.146800,2.445027
199,3.316664,0.707107,-0.707107,0.000000,0.000000,-10.016554,3.172864,2.426569
200,3.333331,0.707107,-0.707107,0.000000,0.000000,-10.076754,3.199095,2.407738
201,3.349998,0.707107,-0.707107,0.000000,0.000000,-10.137032,3.225489,2.388551
202,3.366664,0.707107,-0.707107,0.000000,0.000000,-10.197383,3.252045,2.369021
203,3.383331,0.707107,-0.707107,0.000000,0.000000,-10.257804,3.278758,2.349162
204,3.399997,0.707107,-0.707107,0.000000,0.000000,-10.318289,3.305623,2.328989
205,3.416664,0.707107,-0.707107,0.000000,0.000000,-10.378835,3.332635,2.308513
206,3.433331,0.707107,-0.707107,0.000000,0.000000,-10.439437,3.359787,2.287748
207,3.449997,0.707107,-0.707107,0.000000,0.000000,-10.500092,3.387072,2.266706
208,3.466664,0.707107,-0.707107,0.000000,0.000000,-10.560794,3.414479,2.245397
209,3.483331,0.707107,-0.707107,0.000000,0.000000,-10.621542,3.441995,2.223832
210,3.499997,0.707107,-0.707107,0.000000,0.000000,-10.682331,3.469605,2.202024
211,3.516664,0.707107,-0.707107,0.000000,0.000000,-10.743157,3.497296,2.179980
212,3.533331,0.707107,-0.707107,0.000000,0.000000,-10.804019,3.525057,2.157712
213,3.549997,0.707107,-0.707107,0.000000,0.000000,-10.864912,3.552877,2.135229
214,3.566664,0.707107,-0.707107,0.000000,0.000000,-10.925835,3.580745,2.112539
215,3.583331,0.707107,-0.707107,0.000000,0.000000,-10.986783,3.608651,2.089651
216,3.599997,0.707107,-0.707107,0.000000,0.000000,-11.047755,3.636582,2.066574
217,3.616664,0.707107,-0.707107,0.000000,0.000000,-11.108748,3.664526,2.043315
218,3.633331,0.707107,-0.707107,0.000000,0.000000,-11.169763,3.692473,2.019883
219,3.649997,0.707107,-0.707107,0.000000,0.000000,-11.230794,3.720412,1.996283
220,3.666664,0.707107,-0.707107,0.000000,0.000000,-11.291840,3.748338,1.972525
221,3.683331,0.707107,-0.707107,0.000000,0.000000,-11.352899,3.776253,1.948613
222,3.699997,0.707107,-0.707107,0.000000,0.000000,-11.413969,3.804163,1.924555
223,3.716664,0.707107,-0.707107,0.000000,0.000000,-11.475049,3.832084,1.900356
224,3.733330,0.707107,-0.707107,0.000000,0.000000,-11.536138,3.860035,1.876024
225,3.749997,0.707107,-0.707107,0.000000,0.000000,-11.597234,3.888034,1.851562
226,3.766664,0.707107,-0.707107,0.000000,0.000000,-11.658335,3.916100,1.826978
227,3.783330,0.707107,-0.707107,0.000000,0.000000,-11.719442,3.944249,1.802276
228,3.799997,0.707107,-0.707107,0.000000,0.000000,-11.780553,3.972496,1.777460
229,3.816664,0.707107,-0.707107,0.000000,0.000000,-11.841666,4.000853,1.752537
230,3.833330,0.707107,-0.707107,0.000000,0.000000,-11.902781,4.029328,1.727509
231,3.849997,0.707107,-0.707107,0.000000,0.000000,-11.963896,4.057930,1.702383
232,3.866664,0.707107,-0.707107,0.000000,0.000000,-12.025011,4.086660,1.677162
233,3.883330,0.707107,-0.707107,0.000000,0.000000,-12.086126,4.115522,1.651850
234,3.899997,0.707107,-0.707107,0.000000,0.000000,-12.147239,4.144516,1.626451
235,3.916664,0.707107,-0.707107,0.000000,0.000000,-12.208349,4.173638,1.600968
236,3.933330,0.707107,-0.707107,0.000000,0.000000,-12.269458,4.202881,1.575406
237,3.949997,0.707107,-0.707107,0.000000,0.000000,-12.330563,4.232237,1.549767
238,3.966664,0.707107,-0.707107,0.000000,0.000000,-12.391664,4.261697,1.524056
239,3.983330,0.707107,-0.707107,0.000000,0.000000,-12.452761,4.291252,1.498274
240,3.999997,0.707107,-0.707107,0.000000,0.000000,-12.513854,4.320895,1.472425
241,4.016664,0.707107,-0.707107,0.000000,0.000000,-12.574943,4.350619,1.446513
242,4.033330,0.707107,-0.707107,0.000000,0.000000,-12.636026,4.380417,1.420538
243,4.049997,0.707107,-0.707107,0.000000,0.000000,-12.697106,4.410286,1.394505
244,4.066664,0.707107,-0.707107,0.000000,0.000000,-12.758181,4.440222,1.368416
245,4.083331,0.707107,-0.707107,0.000000,0.000000,-12.819249,4.470224,1.342273
246,4.099998,0.707107,-0.707107,0.000000,0.000000,-12.880312,4.500290,1.316078
247,4.116665,0.707107,-0.707107,0.000000,0.000000,-12.941369,4.530419,1.289834
248,4.133332,0.707107,-0.707107,0.000000,0.000000,-13.002420,4.560614,1.263542
249,4.149999,0.707107,-0.707107,0.000000,0.000000,-13.063466,4.590873,1.237206
250,4.166666,0.707107,-0.707107,0.000000,0.000000,-13.124506,4.621199,1.210826
251,4.183332,0.707107,-0.707107,0.000000,0.000000,-13.185540,4.651592,1.184404
252,4.199999,0.707107,-0.707107,0.000000,0.000000,-13.246568,4.682053,1.157943
253,4.216666,0.707107,-0.707107,0.000000,0.000000,-13.307590,4.712584,1.131444
254,4.233333,0.707107,-0.707107,0.000000,0.000000,-13.368607,4.743184,1.104908
255,4.250000,0.707107,-0.707107,0.000000,0.000000,-13.429617,4.773853,1.078338
256,4.266667,0.707107,-0.707107,0.000000,0.000000,-13.490622,4.804588,1.051734
257,4.283334,0.707107,-0.707107,0.000000,0.000000,-13.551620,4.835383,1.025098
258,4.300001,0.707107,-0.707107,0.000000,0.000000,-13.612613,4.866231,0.998432
259,4.316668,0.707107,-0.707107,0.000000,0.000000,-13.673600,4.897122,0.971736
260,4.333334,0.707107,-0.707107,0.000000,0.000000,-13.734582,4.928048,0.945013
261,4.350001,0.707107,-0.707107,0.000000,0.000000,-13.795559,4.959002,0.918262
262,4.366668,0.707107,-0.707107,0.000000,0.000000,-13.856529,4.989976,0.891486
263,4.383335,0.707107,-0.707107,0.000000,0.000000,-13.917495,5.020967,0.864685
264,4.400002,0.707107,-0.707107,0.000000,0.000000,-13.978456,5.051967,0.837861
265,4.416669,0.707107,-0.707107,0.000000,0.000000,-14.039411,5.082972,0.811015
266,4.433336,0.707107,-0.707107,0.000000,0.000000,-14.100361,5.113973,0.784146
267,4.450003,0.707107,-0.707107,0.000000,0.000000,-14.161306,5.144968,0.757257
268,4.466670,0.707107,-0.707107,0.000000,0.000000,-14.222247,5.175951,0.730349
269,4.483336,0.707107,-0.707107,0.000000,0.000000,-14.283183,5.206921,0.703421
270,4.500003,0.707107,-0.707107,0.000000,0.000000,-14.344114,5.237875,0.676476
271,4.516670,0.707107,-0.707107,0.000000,0.000000,-14.405042,5.268815,0.649512
272,4.533337,0.707107,-0.707107,0.000000,0.000000,-14.465963,5.299739,0.622533
273,4.550004,0.707107,-0.707107,0.000000,0.000000,-14.526881,5.330649,0.595537
274,4.566671,0.707107,-0.707107,0.000000,0.000000,-14.587795,5.361547,0.568527
275,4.583338,0.707107,-0.707107,0.000000,0.000000,-14.648705,5.392434,0.541501
276,4.600005,0.707107,-0.707107,0.000000,0.000000,-14.709611,5.423311,0.514462
277,4.616672,0.707107,-0.707107,0.000000,0.000000,-14.770513,5.454178,0.487409
278,4.633338,0.707107,-0.707107,0.000000,0.000000,-14.831410,5.485035,0.460343
279,4.650005,0.707107,-0.707107,0.000000,0.000000,-14.892305,5.515878,0.433266
280,4.666672,0.707107,-0.707107,0.000000,0.000000,-14.953197,5.546702,0.406176
281,4.683339,0.707107,-0.707107,0.000000,0.000000,-15.014084,5.577505,0.379075
282,4.700006,0.707107,-0.707107,0.000000,0.000000,-15.074968,5.608282,0.351964
283,4.716673,0.707107,-0.707107,0.000000,0.000000,-15.135849,5.639030,0.324842
284,4.733340,0.707107,-0.707107,0.000000,0.000000,-15.196727,5.669744,0.297710
285,4.750007,0.707107,-0.707107,0.000000,0.000000,-15.257602,5.700424,0.270569
286,4.766674,0.707107,-0.707107,0.000000,0.000000,-15.318474,5.731066,0.243419
287,4.783340,0.707107,-0.707107,0.000000,0.000000,-15.379343,5.761671,0.216260
288,4.800007,0.707107,-0.707107,0.000000,0.000000,-15.440209,5.792236,0.189092
289,4.816674,0.707107,-0.707107,0.000000,0.000000,-15.501074,5.822763,0.161917
290,4.833341,0.707107,-0.707107,0.000000,0.000000,-15.561935,5.853251,0.134734
291,4.850008,0.707107,-0.707107,0.000000,0.000000,-15.622794,5.883700,0.107544
292,4.866675,0.707107,-0.707107,0.000000,0.000000,-15.683652,5.914113,0.080347
293,4.883342,0.707107,-0.707107,0.000000,0.000000,-15.744507,5.944490,0.053143
294,4.900009,0.707107,-0.707107,0.000000,0.000000,-15.805358,5.974835,0.025933
295,4.916676,0.707107,-0.707107,0.000000,0.000000,-15.866208,6.005151,-0.001284
296,4.933342,0.707107,-0.707107,0.000000,0.000000,-15.927055,6.035439,-0.028506
297,4.950009,0.707107,-0.707107,0.000000,0.000000,-15.987901,6.065707,-0.055733
298,4.966676,0.707107,-0.707107,0.000000,0.000000,-16.048744,6.095955,-0.082966
299,4.983343,0.707107,-0.707107,0.000000,0.000000,-16.109587,6.126186,-0.110204
300,5.000010,0.707107,-0.707107,0.000000,0.000000,-16.170427,6.156401,-0.137447
301,5.016677,0.707107,-0.707107,0.000000,0.000000,-16.231266,6.186599,-0.164695
302,5.033344,0.707107,-0.707107,0.000000,0.000000,-16.292103,6.216780,-0.191947
303,5.050011,0.707107,-0.707107,0.000000,0.000000,-16.352940,6.246943,-0.219203
304,5.066678,0.707107,-0.707107,0.000000,0.000000,-16.413773,6.277086,-0.246464
305,5.083344,0.707107,-0.707107,0.000000,0.000000,-16.474606,6.307213,-0.273728
306,5.100011,0.707107,-0.707107,0.000000,0.000000,-16.535437,6.337328,-0.300997
307,5.116678,0.707107,-0.707107,0.000000,0.000000,-16.596268,6.367440,-0.328269
308,5.133345,0.707107,-0.707107,0.000000,0.000000,-16.657095,6.397559,-0.355545
309,5.150012,0.707107,-0.707107,0.000000,0.000000,-16.717922,6.427697,-0.382824
310,5.166679,0.707107,-0.707107,0.000000,0.000000,-16.778748,6.457862,-0.410106
311,5.183346,0.707107,-0.707107,0.000000,0.000000,-16.839571,6.488056,-0.437391
312,5.200013,0.707107,-0.707107,0.000000,0.000000,-16.900394,6.518274,-0.464680
313,5.216680,0.707107,-0.707107,0.000000,0.000000,-16.961216,6.548498,-0.491970
314,5.233346,0.707107,-0.707107,0.000000,0.000000,-17.022038,6.578701,-0.519264
315,5.250013,0.707107,-0.707107,0.000000,0.000000,-17.082857,6.608849,-0.546560
316,5.266680,0.707107,-0.707107,0.000000,0.000000,-17.143677,6.638898,-0.573858
317,5.283347,0.707107,-0.707107,0.000000,0.000000,-17.204494,6.668803,-0.601158
318,5.300014,0.707107,-0.707107,0.000000,0.000000,-17.265312,6.698509,-0.628460
319,5.316681,0.707107,-0.707107,0.000000,0.000000,-17.326128,6.727963,-0.655764
320,5.333348,0.707107,-0.707107,0.000000,0.000000,-17.386944,6.757106,-0.683070
321,5.350015,0.707107,-0.707107,0.000000,0.000000,-17.447760,6.785878,-0.710378
322,5.366682,0.707107,-0.707107,0.000000,0.000000,-17.508575,6.814219,-0.737688
323,5.383348,0.707107,-0.707107,0.000000,0.000000,-17.569389,6.842065,-0.764999
324,5.400015,0.707107,-0.707107,0.000000,0.000000,-17.630205,6.869357,-0.792311
325,5.416682,0.707107,-0.707107,0.000000,0.000000,-17.691019,6.896033,-0.819626
326,5.433349,0.707107,-0.707107,0.000000,0.000000,-17.751831,6.922037,-0.846941
327,5.450016,0.707107,-0.707107,0.000000,0.000000,-17.812643,6.947311,-0.874258
328,5.466683,0.707107,-0.707107,0.000000,0.000000,-17.873457,6.971806,-0.901575
329,5.483350,0.707107,-0.707107,0.000000,0.000000,-17.934269,6.995469,-0.928894
330,5.500017,0.707107,-0.707107,0.000000,0.000000,-17.995079,7.018251,-0.956214
331,5.516684,0.707107,-0.707107,0.000000,0.000000,-18.055889,7.040106,-0.983535
332,5.533350,0.707107,-0.707107,0.000000,0.000000,-18.116699,7.060987,-1.010856
333,5.550017,0.707107,-0.707107,0.000000,0.000000,-18.177509,7.080852,-1.038178
334,5.566684,0.707107,-0.707107,0.000000,0.000000,-18.238319,7.099662,-1.065501
335,5.583351,0.707107,-0.707107,0.000000,0.000000,-18.299129,7.117384,-1.092825
336,5.600018,0.707107,-0.707107,0.000000,0.000000,-18.359938,7.133988,-1.120149
337,5.616685,0.707107,-0.707107,0.000000,0.000000,-18.420748,7.149453,-1.147474
338,5.633352,0.707107,-0.707107,0.000000,0.000000,-18.481556,7.163758,-1.174800
339,5.650019,0.707107,-0.707107,0.000000,0.000000,-18.542364,7.176893,-1.202126
340,5.666686,0.707107,-0.707107,0.000000,0.000000,-18.603172,7.188849,-1.229453
341,5.683352,0.707107,-0.707107,0.000000,0.000000,-18.663980,7.199622,-1.256780
342,5.700019,0.707107,-0.707107,0.000000,0.000000,-18.724789,7.209211,-1.284108
343,5.716686,0.707107,-0.707107,0.000000,0.000000,-18.785595,7.217621,-1.311436
344,5.733353,0.707107,-0.707107,0.000000,0.000000,-18.846401,7.224860,-1.338764
345,5.750020,0.707107,-0.707107,0.000000,0.000000,-18.907207,7.230939,-1.366093
346,5.766687,0.707107,-0.707107,0.000000,0.000000,-18.968016,7.235874,-1.393422
347,5.783354,0.707107,-0.707107,0.000000,0.000000,-19.028822,7.239682,-1.420751
348,5.800021,0.000000,-1.000000,0.000000,0.000000,-19.089628,7.242385,-1.448081
349,5.816688,0.000000,-1.000000,0.000000,0.000000,-19.150425,7.244007,-1.475276
350,5.833354,0.000000,-1.000000,0.000000,0.000000,-19.211199,7.244575,-1.502213
351,5.850021,0.000000,-1.000000,0.000000,0.000000,-19.271936,7.244118,-1.528663
352,5.866688,0.000000,-1.000000,0.000000,0.000000,-19.332619,7.242671,-1.554440
353,5.883355,0.000000,-1.000000,0.000000,0.000000,-19.393236,7.240265,-1.579389
354,5.900022,0.000000,-1.000000,0.000000,0.000000,-19.453781,7.236938,-1.603383
355,5.916689,0.000000,-1.000000,0.000000,0.000000,-19.514250,7.232724,-1.626324
356,5.933356,0.000000,-1.000000,0.000000,0.000000,-19.574642,7.227661,-1.648134
357,5.950023,0.000000,-1.000000,0.000000,0.000000,-19.634956,7.221784,-1.668753
358,5.966690,0.000000,-1.000000,0.000000,0.000000,-19.695200,7.215130,-1.688138
359,5.983356,0.000000,-1.000000,0.000000,0.000000,-19.755373,7.207736,-1.706262
360,6.000023,0.000000,-1.000000,0.000000,0.000000,-19.815481,7.199640,-1.723106
361,6.016690,0.000000,-1.000000,0.000000,0.000000,-19.875536,7.190878,-1.738663
362,6.033357,0.000000,-1.000000,0.000000,0.000000,-19.935545,7.181490,-1.752934
363,6.050024,0.000000,-1.000000,0.000000,0.000000,-19.995518,7.171515,-1.765927
364,6.066691,0.000000,-1.000000,0.000000,0.000000,-20.055462,7.160991,-1.777656
365,6.083358,0.000000,-1.000000,0.000000,0.000000,-20.115387,7.149959,-1.788139
366,6.100025,0.000000,-1.000000,0.000000,0.000000,-20.175304,7.138461,-1.797399
367,6.116692,0.000000,-1.000000,0.000000,0.000000,-20.235222,7.126537,-1.805459
368,6.133358,0.000000,-1.000000,0.000000,0.000000,-20.295151,7.114233,-1.812349
369,6.150025,0.000000,-1.000000,0.000000,0.000000,-20.355099,7.101589,-1.818098
370,6.166692,0.000000,-1.000000,0.000000,0.000000,-20.415075,7.088652,-1.822736
371,6.183359,0.000000,-1.000000,0.000000,0.000000,-20.475088,7.075466,-1.826294
372,6.200026,0.000000,-1.000000,0.000000,0.000000,-20.535145,7.062078,-1.828806
373,6.216693,0.000000,-1.000000,0.000000,0.000000,-20.595251,7.048538,-1.830303
374,6.233360,0.000000,-1.000000,0.000000,0.000000,-20.655413,7.034894,-1.830819
375,6.250027,0.000000,-1.000000,0.000000,0.000000,-20.715639,7.021195,-1.830385
376,6.266694,0.000000,-1.000000,0.000000,0.000000,-20.775930,7.007490,-1.829034
377,6.283360,0.000000,-1.000000,0.000000,0.000000,-20.836292,6.993826,-1.826798
378,6.300027,0.000000,-1.000000,0.000000,0.000000,-20.896729,6.980246,-1.823708
379,6.316694,0.000000,-1.000000,0.000000,0.000000,-20.957241,6.966793,-1.819794
380,6.333361,0.000000,-1.000000,0.000000,0.000000,-21.017834,6.953506,-1.815087
381,6.350028,0.000000,-1.000000,0.000000,0.000000,-21.078506,6.940426,-1.809616
382,6.366695,0.000000,-1.000000,0.000000,0.000000,-21.139261,6.927587,-1.803409
383,6.383362,0.000000,-1.000000,0.000000,0.000000,-21.200098,6.915024,-1.796494
384,6.400029,0.000000,-1.000000,0.000000,0.000000,-21.261019,6.902770,-1.788898
385,6.416696,0.000000,-1.000000,0.000000,0.000000,-21.322021,6.890857,-1.780647
386,6.433362,0.000000,0.000000,0.000000,0.000000,-21.383104,6.879315,-1.771765
387,6.450029,0.000000,0.000000,0.000000,0.000000,-21.444059,6.868172,-1.762347
388,6.466696,0.000000,0.000000,0.000000,0.000000,-21.504686,6.857456,-1.752476
389,6.483363,0.000000,0.000000,0.000000,0.000000,-21.564632,6.847190,-1.742290
390,6.500030,0.000000,0.000000,0.000000,0.000000,-21.623602,6.837396,-1.731909
391,6.516697,0.000000,0.000000,0.000000,0.000000,-21.681353,6.828094,-1.721431
392,6.533364,0.000000,0.000000,0.000000,0.000000,-21.737690,6.819303,-1.710942
393,6.550031,0.000000,0.000000,0.000000,0.000000,-21.792456,6.811035,-1.700515
394,6.566698,0.000000,0.000000,0.000000,0.000000,-21.845531,6.803305,-1.690209
395,6.583364,0.000000,0.000000,0.000000,0.000000,-21.896824,6.796124,-1.680075
396,6.600031,0.000000,0.000000,0.000000,0.000000,-21.946272,6.789504,-1.670154
397,6.616698,0.000000,0.000000,0.000000,0.000000,-21.993832,6.783449,-1.660479
398,6.633365,0.000000,0.000000,0.000000,0.000000,-22.039480,6.777967,-1.651077
399,6.650032,0.000000,0.000000,0.000000,0.000000,-22.083212,6.773063,-1.641966
400,6.666699,0.000000,0.000000,0.000000,0.000000,-22.125034,6.768736,-1.633164
401,6.683366,0.000000,0.000000,0.000000,0.000000,-22.164967,6.764987,-1.624680
402,6.700033,0.000000,0.000000,0.000000,0.000000,-22.203041,6.761813,-1.616521
403,6.716700,0.000000,0.000000,0.000000,0.000000,-22.239290,6.759210,-1.608691
404,6.733366,0.000000,0.000000,0.000000,0.000000,-22.273758,6.757170,-1.601191
405,6.750033,0.000000,0.000000,0.000000,0.000000,-22.306494,6.755685,-1.594019
406,6.766700,0.000000,0.000000,0.000000,0.000000,-22.337549,6.754744,-1.587173
407,6.783367,0.000000,0.000000,0.000000,0.000000,-22.366982,6.754333,-1.580646
408,6.800034,0.000000,0.000000,0.000000,0.000000,-22.394848,6.754437,-1.574432
409,6.816701,0.000000,0.000000,0.000000,0.000000,-22.421207,6.755040,-1.568524
410,6.833368,0.000000,0.000000,0.000000,0.000000,-22.446119,6.756124,-1.562914
411,6.850035,0.000000,0.000000,0.000000,0.000000,-22.469643,6.757671,-1.557592
412,6.866702,0.000000,0.000000,0.000000,0.000000,-22.491838,6.759660,-1.552548
413,6.883368,0.000000,0.000000,0.000000,0.000000,-22.512768,6.762071,-1.547774
414,6.900035,0.000000,0.000000,0.000000,0.000000,-22.532490,6.764882,-1.543258
415,6.916702,0.000000,0.000000,0.000000,0.000000,-22.551060,6.768073,-1.538990
416,6.933369,0.000000,0.000000,0.000000,0.000000,-22.568535,6.771622,-1.534960
417,6.950036,0.000000,0.000000,0.000000,0.000000,-22.584970,6.775508,-1.531158
418,6.966703,0.000000,0.000000,0.000000,0.000000,-22.600418,6.779709,-1.527573
419,6.983370,0.000000,0.000000,0.000000,0.000000,-22.614929,6.784204,-1.524195
420,7.000037,0.000000,0.000000,0.000000,0.000000,-22.628555,6.788972,-1.521015
421,7.016704,0.000000,0.000000,0.000000,0.000000,-22.641344,6.793991,-1.518022
422,7.033370,0.000000,0.000000,0.000000,0.000000,-22.653339,6.799242,-1.515208
423,7.050037,0.000000,0.000000,0.000000,0.000000,-22.664587,6.804701,-1.512563
424,7.066704,0.000000,0.000000,0.000000,0.000000,-22.675127,6.810349,-1.510078
425,7.083371,0.000000,0.000000,0.000000,0.000000,-22.685003,6.816163,-1.507744
426,7.100038,0.000000,0.000000,0.000000,0.000000,-22.694250,6.822122,-1.505555
427,7.116705,0.000000,0.000000,0.000000,0.000000,-22.702906,6.828205,-1.503501
428,7.133372,0.000000,0.000000,0.000000,0.000000,-22.711006,6.834388,-1.501576
429,7.150039,0.000000,0.000000,0.000000,0.000000,-22.718582,6.840650,-1.499771
430,7.166706,0.000000,0.000000,0.000000,0.000000,-22.725666,6.846967,-1.498080
431,7.183372,0.000000,0.000000,0.000000,0.000000,-22.732288,6.853319,-1.496497
432,7.200039,0.000000,0.000000,0.000000,0.000000,-22.738478,6.859682,-1.495016
433,7.216706,0.000000,0.000000,0.000000,0.000000,-22.744259,6.866035,-1.493629
434,7.233373,0.000000,0.000000,0.000000,0.000000,-22.749659,6.872356,-1.492332
435,7.250040,0.000000,0.000000,0.000000,0.000000,-22.754700,6.878628,-1.491119
